{
  "posts": [
    {
      "id": 1,
      "title": "json-server",
      "author": "typicode"
    }
  ],
  "comments": [
    {
      "id": 1,
      "body": "some comment",
      "postId": 1
    }
  ],
  "profile": {
    "name": "typicode"
  },
  "users": [
    {
      "id": 1,
      "firstName": "Amit",
      "lastName": "Singh",
      "email": "amit@gmail.com"
    },
    {
      "id": 2,
      "firstName": "Anand",
      "lastName": "Prabhu",
      "email": "anand@gmail.com"
    },
    {
      "id": 3,
      "firstName": "Parth",
      "lastName": "Thakker",
      "email": "parth@gmail.com"
    }
  ]
}